ID,VerseID,Word,Meaning
1,"تك1 :2","الغمر","المياه الكثيرة"
2,"تك1 :6","جلد","المراد هنا سماء الطيور اى المجال الجوى الذى تطير فيه الطيور"
3,"تك1 :21","التنانين","لا يراد بها نوع معين من الحيوانات بل تشير الى الحيوانات الضخمة"
4,"تك2 :1","جندها","الشموس و الكواكب و الأجرام السماوية"
5,"تك2 :7","جبل","صاغ- شكل"
6,"تك2 :12","المقل","صمغ عطرى"
7,"تك2 :14","حداقل","نهر دجلة"
8,"تك2 :21","سباتا","نوما عميقا"
9,"تك4 :1","قايين","اسم عبرى معناه مكسب"
10,"تك4 :2","هابيل","اسم عبرى يعنى نسمة-نفخة"
11,"تك4 :7","رابضة","جاثمة-جالسة-مستلقية"
12,"تك4 :16","لدن","أمام-حضرة"
13,"تك4 :23","لشدخي","جرحى"
14,"تك5 :3","شيثا","اسم سامى معناه معين أو بديل"
15,"تك5 :6","انوش","اسم عبرى معناه رجل"
16,"تك5 :12","مهللئيل","اسم عبرى معناه حمد لله"
17,"تك5 :18","اخنوخ","اسم عبرى معناه مكرس"
18,"تك5 :21","متوشالح","اسم سامى معناه رجل السهام"
19,"تك6 :15","ذراع","وحدة قياس=45.75 سم"
20,"تك6 :16","كوا","جمع كوة طاقة صغيرة-نافذة"
21,"تك8 :6","طاقة","نافذة"
22,"تك9 :13","قوسي","المراد قوس قزح"
23,"تك9 :20","كرما","الكرم = شجر العنب"
24,"تك9 :21","خبائه","خيمته"
25,"تك10 :19","تخوم","حدود"
26,"تك11 :3","لبنا","الطوب المصنوع من الطين"
27,"تك11 :7","نبلبل","نشوش"
28,"تك12 :6","بلوطة","شجر السنديان"
29,"تك12 :16","اماء","جمع أمة = جارية - خادمة - عبدة"
30,"تك14 :3","السديم","وادى يقع فى منطقة البحر الميت"
31,"تك14 :6","بطمة","شجرة تعمر سنين عديدة"
32,"تك14 :13","ممرا","امير امورى قطع عهدا مع ابراهيم"
33,"تك14 :14","غلمانه","الغلام = الخادم - الفتى - العبد"
34,"تك14 :18","شاليم","المراد أورشليم"
35,"تك14 :23","شراك","شريط من الجلد يربط به الصندل"
36,"تك15 :2","عقيما","الذى لا ينجب أو يلد"
37,"تك15 :9","ثلثية","اى عمرها ثلاث سنوات"
38,"تك15 :17","تنور","فرن يختص بالخبيز"
39,"تك17 :11","غرلتكم","الغرلة = الجلدة التى تقطع عند ختان الذكور"
40,"تك19 :22","صوغر","صغيرة"
41,"تك21 :33","اثلا","شجر صلب الخشب و دقيق الأوراق"
42,"تك22 :24","سريته","سرية = زوجة ثانية أقل مرتبة من الزوجة الأولى"
43,"تك23 :15","شاقل","وحدة وزن = 11.5 جرام"
44,"تك24 :11","اناخ","أبرك الجمل اى جعلها تجثم - تربض"
45,"تك24 :22","خزامة","حلقة معدنية توضع فى الأنف"
46,"تك24 :60","ربوات","الربوة = عشرة الاف"
47,"تك24 :65","البرقع","غطاء للرأس و الوجه"
48,"تك25 :30","الاحمر","المراد العدس"
49,"تك26 :15","طمها","ردمها"
50,"تك26 :22","رحوبوت","متسع - رحب"
51,"تك27 :3","جعبتك","الجعبة = كيس من الجلد توضع فيه أدوات الصيد"
52,"تك27 :16","ملاسة","الجلد الأملس الخالى من الشعر"
53,"تك27 :30","لدن","امام-حضرة"
54,"تك27 :40","تجمح","تستعصى-تثور"
55,"تك27 :42","متسل","مستريح"
56,"تك27 :44","سخط","غضب"
57,"تك30 :14","لفاحا","نبات يشبه البطاطا"
58,"تك30 :32","بلقاء","ما كان فى لونها سواد و بياض"
59,"تك30 :35","العناز","جمع عنزة=انثى الماعز"
60,"تك30 :37","قضبانا","اغصان الشجر"
61,"تك30 :38","الاجران","اوعية بها ماء لسقى الغنم"
62,"تك31 :10","الفحول","ذكور الحيوانات . المراد هنا ذكور الغنم"
63,"تك31 :34","حداجة","ما تجلس فيه النساء على الجمال"
64,"تك31 :36","حميت","المراد المطاردة بسرعة و هياج"
65,"تك31 :38","نعاجك","النعجة = انثى الخروف"
66,"تك31 :47","جلعيد","كومة الشهادة"
67,"تك31 :49","المصفاة","برج المراقبة"
68,"تك32 :2","محنايم","عساكر-جنود"
69,"تك32 :14","تيسا","ذكر الماعز"
70,"تك32 :15","ناقة","انثى الجمل"
71,"تك32 :21","المحلة","المعسكر-المخيم-مكان الاقامة"
72,"تك32 :22","مخاضة","موضع من النهر يسهل العبورفيه على الاقدام"
73,"تك32 :25","حق","اعلى عظمة الفخد"
74,"تك32 :30","فنيئيل","وجه الله"
75,"تك32 :31","يخمع","يعرج"
76,"تك33 :13","استكدوها","اجهدوها - اتعبوها من المشى"
77,"تك33 :14","استاق","اسوق-اقود"
78,"تك33 :17","سكوت","ستر - مظلة"
79,"تك33 :19","قسيطة","عملة قيمتها غير معروفة"
80,"تك34 :15","نواتيكم","نوافقكم"
81,"تك34 :30","نفر","عدد قليل"
82,"تك35 :11","صلبك","المراد نسلك"
83,"تك35 :18","بنيامين","ابن يدى اليمنى"
84,"تك36 :24","الحمائم","عيون ماء ساخنة"
85,"تك37 :14","وطاء","ارض منخفضة"
86,"تك37 :25","كثيراء","توابل"
87,"تك37 :34","مسحا","ثوب من شعر المعزى يلبسه النائح او المتقشف"
88,"تك38 :18","عصابتك","العصابة= العمامة - الكوفية"
89,"تك38 :28","قرمزا","المراد رباط لونه احمر"
90,"تك40 :10","افرخت","اخرجت براعم"
91,"تك40 :16","حوارى","لونها ابيض"
92,"تك41 :6","ملفوحة","محروقة"
93,"تك41 :12","غلام","فتى - اجير - خادم"
94,"تك41 :42","بوص","نسيج من الكتان"
95,"تك42 :25","عدله","عدل = كيس يوضع على جانبى الدابة"
96,"تك43 :11","جنى","محاصيل زراعية - اجود ثمار الارض"
97,"تك44 :2","طاسي","كأسى"
98,"تك47 :13","فخورت","ضعفت"
99,"تك49 :8","يهوذا","اسم عبرى معناه حمد"
100,"تك49 :10","شيلون","اسم يشير الى الرب يسوع رئيس السلام"
101,"تك49 :11","الجفنة","شجرة العنب"
102,"تك49 :14","يساكر","اسم عبرى معناه يعمل بأجرة"
103,"تك49 :16","دان","اسم عبرى معناه قاض"
104,"تك49 :17","عقبي","اسفل القدم - الكعب"
105,"تك49 :19","جاد","اسم عبرى معناه طالع حسن"
106,"تك49 :20","اشير","اسم عبرى معناه سعيد او مغبوط"
107,"تك49 :21","مسيبة","متروكة تذهب حيث تشاء"
108,"تك49 :22","يوسف","اسم عبرى معناه يزيد"
109,"تك50: 11","بيدر","مكان درس الحبوب"
110,"خر1: 12","فاختشوا","فارتعبوا - ففزعوا"
111,"خر1: 14","اللبن","الطوب المصنوع من الطين"
112,"خر1: 15","قابلتى","القابلة=الداية-إمرأة تساعد النساء عند الولادة"
113,"خر2: 3","سفطا","وعاء كالقفة أو السلة"
114,"خر2: 5","امتها","أمة = عبدة - خادمة"
115,"خر3: 2","العليقة","شجرة تأكلها الأبل"
116,"خر3: 14","اهيه","الكائن بذاته - واجب الوجود"
117,"خر4: 16","الها","يتكلم فى أمور إلهية إرجع الى 1صم28: 13"
118,"خر7: 11","عرافو","العراف=المنجم - الساحر"
119,"خر7: 18","فيعاف","يعاف= يكره - يترك"
120,"خر7: 19","اجامهم","الآجام = البرك - أماكن المياه"
121,"خر8: 3","تنانيرك","التنور=الفرن"
122,"خر8: 19","اصبع","المراد القوة"
123,"خر8: 29","يخاتل","يخادع - يراوغ"
124,"خر9: 9","بثور","دمامل"
125,"خر9: 31","مبزرا","حاملا بزار"
126,"خر9: 32","القطاني","الحبوب على أنواعها كالعدس"
127,"خر10: 19","تخوم","حدود"
128,"خر10: 26","ظلف","حافر - الجزء اليابس من أطراف الحيوان"
129,"خر10: 29","نعما","ما أحسن ما قلت أو ما أفضل ما فعلت"
130,"خر11: 5","الرحى","مطحنة الحبوب"
131,"خر12: 3","شاة","الواحدة من الغنم أو الماعز"
132,"خر12 :7","القائمتين","دعامتا الباب بين العتبتين العليا و السفلى"
133,"خر12: 9","اكارعه","الكراع = ساق الحيوان تحت الركبة"
134,"خر12: 11","احقاؤكم","حق= اعلى عظمة الفخد"
135,"خر12: 16","محفل","اجتماع - مجلس"
136,"خر12: 22","باقة","حزمة"
137,"خر12: 38","لفيف","المصريون الذين خرجوا مع شعب اسرائيل"
138,"خر13: 2","قدس","افرز - خصص"
139,"خر15: 5","اللجج","المياه الكثيرة"
140,"خر16: 4","ناموسي","شريعتى"
141,"خر16: 13","السلوى","طائر السمان"
142,"خر16: 16","عمرا","العمر = 2.3 لتر"
143,"خر16: 33","قسطا","مكيالا - اناءا"
144,"خر16: 36","الايفة","مكيال= 22.991 لتر"
145,"خر17 :7","مسة","تجربة"
146,"خر18: 11","بغوا","ظلموا - اعتدوا"
147,"خر19: 12","احترزوا","انتبهوا - تحزروا"
148,"خر19: 16","المحلة","المخيم أو المعسكر"
149,"خر19: 22","يبطش","يعاملهم بعنف"
150,"خر20: 26","بدرج","الدرج = السلم"
151,"خر22: 6","اكداس","اكوام"
152,"خر22: 9","جناية","ذنب - جريمة"
153,"خر22: 26","ارتهنت","اخذته رهينة"
154,"خر22: 29","بيدرك","البيدر= مكان درس الحبوب بواسطة الجرن"
155,"خر23: 24","انصابهم","انصاب=حجارة تنصب للأصنام لعبادتها"
156,"خر23: 26","مسقطة","التى تسقط جنينها قبل أوان الولادة"
157,"خر23: 28","الزنابير","الزنبورة=الدبور= حشرة لونها أصفر و أسود"
158,"خر24: 6","الطسوس","جمع طست أو طشت"
159,"خر24: 10","العقيق","الياقوت الأزرق"
160,"خر25: 4","اسمانجوني","أزرق سماوى"
161,"خر25: 5","تخس","عجل البحر - دولفين"
162,"خر25: 7","الصدرة","من ثياب رئيس الكهنة"
163,"خر25: 10","تابوتا","صندوق كبير وضع فيه عصا هارون و لوحي الشريعة و قسط المن"
164,"خر25: 25","شبر","عرض الكف= 8.5 سم"
165,"خر25: 29","صحافها","الصحفة = وعاء كبير منبسط"
166,"خر25: 31","منارة","شمعدان خيمة الإجتماع له 7 شعب"
167,"خر25: 32","شعب","فروع متشعبة من الأصل"
168,"خر25: 33","لوزية","لها شكل ثمرة اللوز"
169,"خر25: 38","ملاقطها","الملقط=أداة لنزع الفتيلة المحترقة من المنارة"
170,"خر26: 1","شقق","قطع مشقوقة من القماش - ستائر"
171,"خر26:2","ذراعا","الزراع= 45.75 سم تقريبا"
172,"خر26: 4","عرى","جمع عروة = فتحة من القماش يدخل فيها خيط أو زر"
173,"خر26: 6","شظاظا","مشبك - أبزيم"
174,"خر26: 10","حاشية","طرف - حافة"
175,"خر26: 18","التيمن","جهة اليمين - بلاد اليمن قديما"
176,"خر26: 26","عوارض","جمع عارضة = خشبة تعترض ألواح المسكن من خلال حلقات من ذهب"
177,"خر26: 32","رززها","الرزة= مسمار معقوف مثبت فى العمود تعلق عليه الحجاب"
178,"خر26: 36","سجفا","ستائر"
179,"خر27: 3","مراكنه","المراكن = الطشوت"
180,"خر27: 4","شباكة","حاجز على شكل شبكة"
181,"خر27: 5","حاجب","شفة بارزة حول المذبح من الخارج"
182,"خر27: 9","استار","جمع سترة أو ستارة"
183,"خر27: 16","سجف","ستائر"
184,"خر27: 17","رززها","الرزة= مسمار معقوف مثبت فى العمود تعلق عليه الحجاب"
185,"خر27: 20","مرضوض","معصور جيدا"
186,"خر27: 20","السرج","مصابيح توقد بالزيت"
187,"خر28: 4","عمامة","قطعة من القماش يلف بها الراس"
188,"خر28: 8","زنار","حزام"
189,"خر28: 14","الضفر","صنع الضفائر"
190,"خر28: 16","شبر","22 سم تقريبا"
191,"خر28: 17","زمرد","حجر كريم شفاف شديد الخضرة"
192,"خر28: 18","بهرمان","نوع من الحجارة الكريمة"
193,"خر28: 19","يشم","حجر كريم و هو العقيق الأحمر"
194,"خر28: 20","زبرجد","حجر كريم لونه أخضر فاتح"
195,"خر28: 30","الاوريم","الانوار"
196,"خر28: 32","الدرع","قميص من حديد يقى الصدر"
197,"خر28: 33","رمانات","لها شكل الرمان"
198,"خر28: 36","صفيحة","قطعة معدنية رقيقة منبسطة"
199,"خر28: 40","قلانس","جمع قلنسوة = برنس يلبس فى الرأس"
200,"خر28: 42","العورة","ما يستره الأنسان من أعضائه"
201,"خر29: 2","ملتوتة","ممزوجة"
202,"خر29: 14","فرثه","الفرث= فضلات الطعام فى معدة الحيوان أو الطير"
203,"خر29: 21","تنضح","ترش"
204,"خر29: 22","الالية","ما تدلى من شحم فى مؤخرة الخروف"
205,"خر29: 26","القص","الصدر"
206,"خر29: 27","الرفيعة","التقدمة المرفوعة للرب"
207,"خر29: 31","تطبخ","تسلق"
208,"خر29: 38","حوليان","حولى = عمره سنة"
209,"خر29: 40","الهين","مكيال للسوائل"
210,"خر30: 1","السنط","نوع من الشجر"
211,"خر30: 2","ذراع","45.75 سم تقريبا"
212,"خر30: 3","تغشيه","تكسوه - تغطيه"
213,"خر30: 13","الشاقل","وحدة موازين  = 11.5 من الجرام"
214,"خر30: 18","مرحضة","مغسلة - حوض للغسيل"
215,"خر30: 23","قاطرا","سائلا"
216,"خر30: 24","سليخة","نوع من الطيب"
217,"خر30: 34","قنة","نوع من الصمغ عطر الريحة"
218,"خر32: 2","اقراط","حلقات معدنية تعلق فى شحمة الاذن"
219,"خر32: 17","المحلة","مكان إقامة الشعب"
220,"خر34: 13","انصابهم","اصنامهم"
221,"خر34: 33","برقعا","غطاء للوجه"
222,"خر35: 9","للرداء","ثوب الكاهن"
223,"خر35: 18","اطنابها","أطناب= حبال تشد الخيمة الى الوتد"
224,"خر35: 22","قلائد","جمع قلادة = عقد"
225,"خر38: 3","الرفوش","الجاروف - المزراة"
226,"خر38: 8","مراءى","جمع مرآة"
227,"خر38: 24","وزنة","تساوى 34 كجم تقريبا"
228,"خر39: 3","قدوها","قطعوها""لاو1: 4"
229,"لاو1: 9","اكارعه","ساق الحيوان تحت الركبة"
230,"لاو1: 15","يحز","يقطع"
231,"لاو1: 16","حوصلته","معدة الطائر"
232,"لاو2: 4","تنور","فرن"
233,"لاو2: 5","الصاج","طبق من الحديديخبزون عليه فوق النار"
234,"لاو2: 7","طاجن","وعاء للقلى"
235,"لاو2: 14","سويقا","سنابل قمح خضراء"
236,"لاو3: 9","العصعص","عظم الزيل"
237,"لاو3: 10","الخاصرتين","الجانبين"
238,"لاو4: 2","مناهي","ممنوعات"
239,"لاو4: 6","ينضح","يرش"
240,"لاو5: 2","دبيب","كل ما يدب على الارض - الزواحف"
241,"لاو5: 4","مفترطا","ينطق بكلام بغير روية"
242,"لاو5: 15","شواقل","الشاقل = 11.5 كجم"
243,"لاو6: 2","جحد","كفر - أنكر من علمه بالأمر"
244,"لاو6: 3","لقطة","ما تجده ملقى على الأرض فتلتقطه"
245,"لاو6: 21","مربوكة","مخلوطة - ممزوجة"
246,"لاو7: 16","نافلة","زيادة عن المفروض"
247,"لاو8: 7","المنطقة","حزام عريض يشد به الوسط"
248,"لاو8: 33","لدن","أمام - حضرة"
249,"لاو10: 6","يسخط","السخط - الغضب الشديد"
250,"لاو11: 5","الوبر","حيوان يشبه الأرنب ويسكن بين الصخور"
251,"لاو11: 9","زعانف","أجنحة السمك"
252,"لاو11: 13","الانوق","طائر بين النسر و العقاب كاسر العظام"
253,"لاو11: 14","الباشق","من الطيور الكواسر"
254,"لاو11: 16","الظليم","ذكر النعام"
255,"لاو11: 17","الغواص","طائر بحجم الغراب أسود اللون"
256,"لاو11: 18","القوق","طائر مائى"
257,"لاو11: 19","اللقلق","من الطيور القواطع يقتات على الضفادع و الحشرات"
258,"لاو11: 21","كراعان","ساقان"
259,"لاو11: 22","الدبا","نوع من الجراد"
260,"لاو11: 29","الضب","من الحيوانات النجسة لونه أخضر يعيش فى الصحارى"
261,"لاو11: 30","الحرذون","البرص"
262,"لاو11: 32","بلاس","كساء من وبر الإبل يلبس عند الحداد"
263,"لاو12: 2","طمث","الدورة الشهرية عند المرأة"
264,"لاو13: 2","ناتئ","ورم - انتفاخ فى الجلد"
265,"لاو13: 6","حزاز","مرض جلدى - جرب"
266,"لاو13: 26","كامدة","معتمة"
267,"لاو13: 39","بهق","بياض الجلد غير ناتج عن البرص"
268,"لاو13: 48","اللحمة","الخيوط العريضة فى النسيج"
269,"لاو13: 55","جردة","المقصود سطح الثوب"
270,"لاو14: 4","قرمز","المراد قطعة من الثوب لونها قرمزى"
271,"لاو14: 10","لج","يعادل 0.33 من اللتر"
272,"لاو15: 12","سيل","مرض السيلان"
273,"لاو15: 33","نجسة","المراد أمرأة طامث"
274,"لاو16: 2","الحجاب","الستارة التى تفصل بين القدس و قدس الأقداس"
275,"لاو18: 30","الرسوم","العادات - التقاليد"
276,"لاو19: 9","لقاط","فضلات الحصاد"
277,"لاو19: 10","نثار","الثمار الساقطة المتفرقة"
278,"لاو19: 15","جورا","ظلما"
279,"لاو19: 23","غلفاء","أى لا يجوز الاكل من ثمرها"
280,"لاو19: 27","تقصروا","أى تحلقوا - تقصوا شعر رأسكم"
281,"لاو19: 28","وسم","وشم"
282,"لاو19: 31","الجان","الذين يحضرون الأرواح الشريرة"
283,"لاو19: 36","هين","مكيال للمواد السائلة = 4 لتر"
284,"لاو21: 18","افطس","انفه مشوه"
285,"لاو21: 20","احدب","من برز ظهره و دخل صدره"
286,"لاو22: 2","يتوقوا","يتجنبوا - يبتعدوا عن"
287,"لاو22: 6","يرحض","يغسل"
288,"لاو22: 12","رفيعة","تقدمة ترفع للرب"
289,"لاو22: 21","نافلة","زيادة عن المفروض"
290,"لاو22: 23","القزم","القصير"
291,"لاو23: 2","محافل","اجتماعات"
292,"لاو23: 3","سبت","راحة"
293,"لاو23: 13","عشرين","ما يعادل 4.6 لتر"
294,"لاو23: 40","سعف","جريدة النخل"
295,"لاو24: 2","مرضوض","معصور - مسحوق"
296,"لاو24: 12","المحرس","الحبس - السجن"
297,"لاو25: 3","تقضب","تقطيع - تقليم الأغصان"
298,"لاو25: 5","زريع","ما ينبت فى الأرض من الحبوب المتبقية بعد الحصاد"
299,"لاو25: 14","يغبن","يخدع"
300,"لاو26: 22","فتوحش","تقفر - تصبح خالية"
301,"لاو26: 30","شمساتكم","تماثيل الشمس التى كانوا يتعبدون لها"
302,"لاو26: 41","الغلف","المراد النجس - الغليظ القلب"
303,"لاو27: 16","حومر","مكيال سعته 230 لتر"
304,"لاو27: 25","جيرة","وحدة موازين = 0.6 من الجرام"
305,"عد1: 3","اجنادهم","جيوشهم"
306,"عد1: 4","سبط","عشيرة - قبيلة"
307,"عد1: 52","محلته","مكان أقامته"
308,"عد1: 53","سخط","غضب شديد"
309,"عد3: 25","سجف","ستائر"
310,"عد3: 26","اطنابه","حباله"
311,"عد3: 36","فرضه","قواعده"
312,"عد3: 47","جيرة","وحدة موازين = 0.6 جرام تقريبا"
313,"عد4: 7","الاقداح","المغارف"
314,"عد4: 10","العتلة","الحمالة"
315,"عد4: 14","الرفوش","جمع رفش = الجاروف - المزراة"
316,"عد4: 18","سبط","عشيرة - قبيلة"
317,"عد4: 25","شقق","ستائر - غطاء"
318,"عد5: 8","كبش","خروف ذكر الغنم"
319,"عد6: 2","النذير","المخصص - المكرس للرب"
320,"عد6: 3","نقيع","شراب زبيب العنب المنقوع فى الماء"
321,"عد6: 4","العجم","النواية - بذرة الثمرة"
322,"عد7: 10","لتدشين","لتكريس - لتخصيص"
323,"عد8: 4","مسحولة","مطروقة"
324,"عد9: 11","مرار","اعشاب مرة الطعم"
325,"عد10: 25","ساقة","مؤخرة الجيش"
326,"عد11: 3","تبعيرة","إحتراق"
327,"عد11: 6","المن","من هو ؟"
328,"عد11: 8","ملات","كعك"
329,"عد11: 26","الداد","اسم عبرى معناه من أحبه الله"
330,"عد13: 23","زرجونة","غصن"
331,"عد13: 24","اشكول","عنقود"
332,"عد15: 38","اهدابا","الخيوط المتدلية فى نهاية الثوب"
333,"عد18: 12","المسطار","الخمر الجديدة"
334,"عد19: 2","نير","الخشبة التى توضع على عنق بقرتين لتشغيلهما معا"
335,"عد20: 10","المردة","المتمردون - العصاة"
336,"عد20: 13","مريبة","نزاع - شجار - مخاصمة"
337,"عد21: 15","عار","اسم سامى معناه مدينة"
338,"عد21: 29","كموش","إله المؤابيين"
339,"عد22: 7","حلوان","بقشيش - رشوة - هدية"
340,"عد22: 26","للنكوب","للتحول"
341,"عد23: 10","ربع","بيوت - خيام - مساكن"
342,"عد23: 22","الرئم","الثور الوحشى"
343,"عد23: 23","عيافة","ممارسة السحر و التنجيم"
344,"عد24: 6","عود","احدى العطور الشرقية الثمينة"
345,"عد24: 17","الوغى","الحرب"
346,"عد28: 5","الرض","المعصور جيدا"
347,"عد28: 16","فصح","عبور"
348,"عد32: 16","صير","حظائر للبهائم و الغنم"
349,"عد35: 2","مسارح","مراعى"
350,"تث1: 19","القفر","البرية الجدبة"
351,"تث1: 27","تمرمرتم","غضبتم"
352,"تث2: 36","عروعير","هى نفسها مدينة عار"
353,"تث3: 5","مزاليج","آلة لغلق الأبواب"
354,"تث3: 18","متجردين","متسلحين - مستعدين للحرب"
355,"تث3: 29","الجواء","أودية واسعة"
356,"تث4: 20","كور","فرن تحمى فيها المعادن أو تصهر"
357,"تث4: 43","باصر","اسم عبرى معناه حصن"
358,"تث5: 14","فسبت","فراحة"
359,"تث9: 21","رضضته","سحقته"
360,"تث12: 15","الايل","نوع من التيوس الجبلية"
361,"تث14: 1","تخمشوا","تخدشوا - تجرحوا"
362,"تث14: 5","اليحمور","حيوان من عائلة الايائل"
363,"تث14: 7","الوبر","حيوان يشبه الأرنب"
364,"تث14: 13","الشاهين","طائر جارح من عائلة الصقور"
365,"تث16: 22","نصبا","تمثالا - صنم"
366,"تث18: 4","جزاز","كمية الصوف المجزوز من الغنم"
367,"تث18: 11","رقية","تعويذة - حجاب"
368,"تث18: 12","الارجاس","الافعال المرتبطة بعبادة الاوثان"
369,"تث19: 5","الوعر","موضع أشجار كثيفة"
370,"تث20: 6","يبتكره","يجنى منه أول ثمرة"
371,"تث21: 14","تسترقها","تستعبدها"
372,"تث22: 12","جدائل","أهداب - خيوط تتدلى من أطراف الثوب"
373,"تث23: 1","مجبوب","من بترت أعضاؤه التناسلية"
374,"تث23: 17","مابون","مخنث - شاذ جنسيا"
375,"تث24: 21","تعلله","تلتقط فضلات الحصاد"
376,"تث25: 18","كليل","مرهق - ضعيف"
377,"تث27: 4","بالكلس","بالجير"
378,"تث28: 22","البرداء","الحمى مع برودة شديدة"
379,"تث28: 42","الصرصر","نوع من الجراد"
380,"تث28: 50","جافية","قاسية - صلبة"
381,"تث29: 18","افسنتينا","نبات مر الطعم"
382,"تث31: 16","ينكث","ينقض - يكسر"
383,"تث32: 15","يشورون","المستقيم - الشعب الذى يسلك بالاستقامة"
384,"تث32: 24","حمة","سم قاتل"
385,"تث32: 33","الاصلال","نوع من الحيات سام جدا و خبيث جدا""يش1: 8"
386,"يش2: 15","الكوة","النافذة الصغيرة"
387,"يش3: 13","ندا","كومة - تل مرتفع"
388,"يش4: 8","المبيت","مكان سكانهم"
389,"يش5: 2","صوان","صخر شديد الصلابة"
390,"يش5: 3","القلف","جمع قلفة = الجلدة التى تقطع عند ختان الذكور"
391,"يش7: 24","عخور","عناء مشقة أزعاج"
392,"يش8: 18","المزراق","الرمح القصير"
393,"يش9: 4","جوالق","زكايب - اكياس تحمل غلى جانبى الدابة"
394,"يش13: 3","الشيحور","نهر النيل"
395,"يش17: 3","صلفحاد","اسم عبرى معناه حماية من الخوف"
396,"يش19: 29","كورة","قرية"
397,"قض1: 12","عكسة","اسم عبرى معناه خلخال"
398,"قض1: 13","عثنيئيل","اسم عبرى معناه الله قوة"
399,"قض1: 16","القيني","اسم سامى معناه الحداد"
400,"قض2: 1","انكث","انقض - اكسر"
401,"قض2: 13","عشتاروث","الإلهة الرئيسية فى كل من دولتى بابل و آشور"
402,"قض3: 19","صه","اسكت"
403,"قض3: 22","القائم","مقبض السيف"
404,"قض3: 31","منساس","عصا تنخس بها البهائم"
405,"قض4: 19","وطب","قربة - وعاء من الجلد"
406,"قض5: 8","مجن","ترس كبير"
407,"قض5: 10","طنافس","جمع طنفسة"
408,"قض5: 17","فرضه","شاطئه"
409,"قض6: 19","ايفة","مكيال = 23 لترا تقريبا"
410,"قض6: 37","طل","ندى"
411,"قض7: 5","يلغ","يشرب بطرف لسانه"
412,"قض7: 19","هزيع","قسم من أقسام الليل"
413,"قض8: 7","النوارج","جمع نورج = الة لدرس الحبوب"
414,"قض9: 38","فوك","فمك"
415,"قض9: 53","فشجت","فكسرت"
416,"قض12: 6","شبولت","سنبلة"
417,"قض13: 2","منوح","اسم عبرى معناه راحة"
418,"قض13: 24","شمشون","اسم عبرى معناه شمس"
419,"قض14: 8","رمة","جثة الميت"
420,"قض14: 12","احجية","لغز"
421,"قض16: 4","دليلة","اسم عبرى معناه معشوقة مدللة"
422,"قض16: 9","المشاقة","خيوط كتان ضعيفة"
423,"قض16: 10","ختلتني","خدعتنى"
424,"قض17: 5","ترافيم","تماثيل صغيرة - أصنام خاصة باهل البيت"
425,"قض20: 33","عراء","مرج = أرض خضرة"
426,"را1: 2","اليمالك","اسم عبرى معناه الله مالك"
427,"را1: 4","عرفة","اسم موآبى معناه عرف أو رقبة"
428,"را1: 6","كنتاها","الكنة = زوجة الأبن"
429,"را2: 1","بوعز","ذو العزة - ذو البأس"
430,"را2: 16","الشمائل","الحزم"
431,"را3: 15","فاكتال","وزن بالكيل"
432,"را4: 17","عوبيد","اسم عبرى معناه عبد"
433,"1صم1: 1","القانة","اسم عبرى معناه الله قد خلق"
434,"1صم1: 2","حنة","اسم عبرى معناه حنان"
435,"1صم1: 3","فينحاس","اسم مصرى معناه النوبى"
436,"1صم1: 6","المراغمة","الغيط"
437,"1صم1: 20","صموئيل","اسم عبرى معناه اسم الله أو سمع الله"
438,"1صم5: 6","البواسير","ورم فى مؤخرة البدن ينزف دما"
439,"1صم6: 12","تجاران","تصحيان"
440,"1صم8: 2","يوئيل","اسم عبرى معناه يهوه هو الله"
441,"1صم9: 22","المنسك","قاعة الطعام"
442,"1صم10: 5","زمرة","جماعة"
443,"1صم13: 6","ضنك","ضيقة"
444,"1صم14: 14","تلم","خط يصنعه المراث فى الأرض"
445,"1صم15: 9","الثنيان","العجول الثمينة"
446,"1صم17: 6","جرموقا","صفائح من النحاس"
447,"1صم17: 40","كنف","كيس يضع فيه الراعى أدوات الصيد"
448,"1صم17: 49","فارتز","غاص فى - نفذ الى"
449,"1صم18: 4","الجبة","الرداء"
450,"1صم19: 13","لبدة","وسادة من الصوف"
451,"1صم22: 1","عدلام","اسم عبرى معناه ملجأ"
452,"1صم22: 6","الاثلة","نوع من الشجر"
453,"1صم25: 3","نابال","اسم عبرى معناه غبى"
454,"1صم25: 10","يقحصون","يهربون - يفرون"
455,"1صم26: 5","المتراس","الخندق"
456,"1صم26: 20","الحجل","طائر برى"
457,"2صم1: 9","الدوار","الدوخة"
458,"2صم1: 21","مجن","الة حربية يحتمى بها خلفها المحارب"
459,"2صم2: 31","مئين","مئة"
460,"2صم5: 23","البكا","نوع من الشجر"
461,"2صم6: 4","الاكمة","التل"
462,"2صم6: 6","انشمصت","ذعرت و هاجرت تعثرت"
463,"2صم6: 20","السفهاء","جمع سفيه = خليع - تافه"
464,"2صم7: 8","المربض","المكان الذى تستلقى فيه البهائم"
465,"2صم10: 4","استاههم","منتص ظهورهم"
466,"2صم11: 8","حصة","هدايا"
467,"2صم12: 24","سليمان","اسم عبرى معناه رجل سلام"
468,"2صم12: 25","يديديا","اسم عبرى معناه محبوب يهوه"
469,"2صم15: 12","اخيتوفل","اسم عبرى معناه اخو الجهل"
470,"2صم17: 8","مثكل","فقدت وحيدها"
471,"2صم17: 19","سميذا","السميذ = دقيق ابيض نقى"
472,"2صم18: 17","الجب","البئر - الحفرة العميقة"
473,"2صم18: 23","الغور","السهل الارض المنبسطة"
474,"2صم22: 10","طاطا","احنى"
475,"2صم22: 11","كروب","احد الملائكة التى تحمل العرش الإلهى"
476,"1مل4: 7","يمتارون","يمتار = يجمع المؤنة"
477,"1مل4: 23","الظباء","الغزال"
478,"1مل5: 9","ارماثا","حزم ضخم من الخشب تساق عائمة على وجه الماء"
479,"1مل5: 11","كر","مكيال = 229 لتر تقريبا"
480,"1مل6: 5","المحراب","قدس الاقداس"
481,"1مل6: 6","الجوائز","الخشب المعترض بين حائطين"
482,"1مل6: 31","الساكف","العتبة العليا"
483,"1مل7: 21","ياكين","اسم عبرى معناه يثبت"
484,"1مل7: 26","بث","مكيال للسوائل"
485,"1مل7: 28","اتراس","الواح مربعة"
486,"1مل7: 50","المقاص","أداة لقص الجزء المحترق من الفتيل"
487,"1مل8: 37","جردم","الجراد فى  أخطر أطواره لشراهته"
488,"1مل9: 22","ثوالثه","رتبة عسكرية"
489,"1مل10: 11","الصندل","نوع من الخشب طيب الرائحة"
490,"1مل11: 5","ملكوم","اسم كنعانى معناه ملككم و كان اله للعمونيين"
491,"1مل12: 11","بالعقارب","العقارب = نوع من السياط بها كرات صغيرة من الحديد"
492,"1مل14: 10","البعر","نفايات معدة الحيوان كالماعز و الأغنام"
493,"1مل17: 12","الكوار","إناء يحفظ فيه الدقيق"
494,"1مل19: 4","رتمة","نوع من شجر الشيح"
495,"1مل19: 6","رضف","سطح ساخن - حجارة محماة بالنار كان يخبز عليها"
496,"1مل22: 25","مخدع","حجرة"
497,"2مل1: 2","عليته","العلية = حجرة أعلى المنزل"
498,"2مل1: 8","ايليا","اسم عبرى معناه الهى يهوه"
499,"2مل5: 24","الاكمة","التل"
500,"2مل6: 5","عارية","إستعارة"
501,"2مل6: 25","القاب","مكيال سعته 2.25 لتر"
502,"2مل9: 30","بالاثمد","بالكحل"
503,"2مل9: 37","كدمنة","دمنة = مزبلة"
504,"2مل10: 32","يقص","يعاقب"
505,"2مل14: 9","العوسج","شجر الشكوك"
506,"2مل17: 31","ادرملك","اسم اكادى معناه ملك مقتدر"
507,"2مل18: 27","عذرتهم","العذرة = البراز"
508,"2مل18: 31","جفنته","الجفنة = شجرة العنب"
509,"2مل19: 23","عقاب","اعلى المرتفعات"
510,"2مل19: 26","كملفوح","ملفوح = محروق"
511,"2مل19: 28","خزامتي","خزامة = حلقة معدنية توضع فى الأنف"
512,"2مل20: 7","الدبل","الدمل"
513,"2مل21: 13","مطمار","الخيط الذى يمده البناء على الحائط لتسوية المداميك"
514,"2مل23: 17","الصوة","كومة حجارة على قبر"
515,"2مل24: 14","الاقيان","قين = حداد"
516,"2مل25: 4","فثغرت","فكسرت"
517,"1اخ4: 21","البز","نسيج من الكتان غالى الثمن"
518,"1اخ9: 2","النثينيم","اشخاص مكرسون لخدمة الهيكل"
519,"1اخ12: 2","نازعون","يشدون وتر القوس"
520,"1اخ13: 5","شيحور","اسم مصرى معناه بحيرة حورس اطلق على نهر النيل"
521,"1اخ15: 20","الجواب","الصوت السوبرانو"
522,"1اخ15: 21","القرار","الصوت المنخفض"
523,"1اخ16: 32","ليعج","صوت المياه الرهيب"
524,"1اخ20: 6","اعنش","من له ستة اصابع فى اليد"
525,"1اخ29: 2","كحلاء","شديدة السواد"
526,"1اخ29: 7","درهم","يعادل 8.19 جرام تقريبا"
527,"2اخ4: 17","غور","ارض منخفضة"
528,"2اخ7: 3","المجزع","ما فيه سواد و بياض"
529,"2اخ13: 22","مدرس","كتاب - رسالة - قصة"
530,"2اخ17: 11","العربان","العرب"
531,"2اخ21: 11","طوح","اوقعه فى عبادة الاصنام"
532,"2اخ22: 6","لعيادة","لزيارة المريض"
533,"2اخ24: 24","بشرذمة","بجماعة قليلة العدد"
534,"2اخ24: 27","مرمة","ترميم - إصلاح"
535,"2اخ26: 14","مقاليع","آلات ترمى بها الحجارة"
536,"2اخ26: 15","منجنيقات","آلات حربية ترمى بها الحجارة"
537,"2اخ26: 19","فحنق","الحنق = الغيظ الشديد"
538,"2اخ32: 28","المسطار","الخمر الجديد"
539,"2اخ33: 15","الاشباه","التماثيل"
540,"2اخ36: 13","صلب","قسى"
541,"2اخ4: 17","غور","ارض منخفضة"
542,"2اخ7: 3","المجزع","ما فيه سواد و بياض"
543,"2اخ13: 22","مدرس","كتاب - رسالة - قصة"
544,"2اخ17: 11","العربان","العرب"
545,"2اخ21: 11","طوح","اوقعه فى عبادة الاصنام"
546,"2اخ22: 6","لعيادة","لزيارة المريض"
547,"2اخ24: 24","بشرذمة","بجماعة قليلة العدد"
548,"2اخ24: 27","مرمة","ترميم - إصلاح"
549,"2اخ26: 14","مقاليع","آلات ترمى بها الحجارة"
550,"2اخ26: 15","منجنيقات","آلات حربية ترمى بها الحجارة"
551,"2اخ26: 19","فحنق","الحنق = الغيظ الشديد"
552,"2اخ32: 28","المسطار","الخمر الجديد"
553,"2اخ33: 15","الاشباه","التماثيل"
554,"2اخ36: 13","صلب","قسى"
555,"عز2: 1","الكورة","المقاطعة"
556,"عز2: 36","الترشاثا","اسم فارسى معناه مخوف أو محترم"
557,"عز4: 13","خراجا","ضريبة الارض"
558,"عز8: 36","لمرازبة","المرازبة = الرؤساء عند الفرس"
559,"نح2: 1","مكمدا","مهموما"
560,"نح4: 13","قسيهم","القوس = الة حربية قديمة لقذف السهام"
561,"نح5: 7","بكت","عنف - وبخ بشدة"
562,"نح7: 71","ربوتين","الربوة = عشرة آلاف"
563,"نح8: 15","اس","نبات عطرى"
564,"نح9: 11","اليم","البحر"
565,"نح9: 37","كرب","حزن شديد"
566,"اس1: 6","بهت","رخام"
567,"اس1: 7","السقاء","وعاء للشرب"
568,"اس1: 9","وشتي","اسم فارسى معناه محبوبة"
569,"اس2: 5","مردخاي","اسم بابلى معناه ملك للإله مردك"
570,"اس2: 7","استير","اسم فارسى معناه كوكب"
571,"اس3: 1","هامان","اسم فارسى يشير الى الاله العيلامى هامان"
572,"اس8: 10","الرمك","فرس من أصل تركى"
573,"اس9: 19","الاعراء","مدن بدون اسوار"
574,"اي1: 1","ايوب","اسم عبرى معناه المضطهد و ربما يعنى التائب"
575,"اي1: 15","السبئيون","أهل سبأ"
576,"اي2: 11","اليفاز","اسم عبرى ربما كان معناه الله ذهب نقى"
577,"اي3: 9","عشائه","اول الظلام او من الغروب الى العشاء"
578,"اي3: 26","الرجز","العذاب و الغضب"
579,"اي4: 11","الليث","الأسد"
580,"اي5: 5","يشتف","يبتلع"
581,"اي5: 22","المحل","انقطاع المطر و جفاف المياه"
582,"اي6: 4","حمتها","السن المدبب للسهام"
583,"اي6: 6","المسيخ","م لا طعم له و لا ملوحة"
584,"اي7: 5","مدر","طين - وحل"
585,"اي7: 6","الوشيعة","المكوك فى نول النساج"
586,"اي8: 2","فيك","فمك"
587,"اي8: 11","الغمقة","ارض بها مياه"
588,"اي8: 16","خراعيبه","أغصانه الغضة الناعمة"
589,"اي9: 9","النعش","سبعة نجوم يطلق عليها الدب الأكبر"
590,"اي9: 13","رهب","لقب لمصر"
591,"اي9: 30","الاشنان","الصودا الكاوية التى تدخل فى صناعة الصابون"
592,"اي9: 31","النقع","الماء الركد العفن"
593,"اي11: 3","اصلفك","الصلف= الكبرياء"
594,"اي15: 33","حصرمه","الثمرة قبل النضج"
595,"اي18: 8","المصلاة","شبكة يصيدون بها الحيوانات"
596,"اي18: 12","البوار","الخراب"
597,"اي18: 19","عقب","العقب = الابن و ابن الابن"
598,"اي19: 17","خممت","انتنت"
599,"اي20: 25","البارق","السيف الحاد اللامع"
600,"اي20: 28","تهراق","المهراك = المصبوب - المسكوب"
601,"اي21: 18","كالعصافة","كالتبن الناعم"
602,"اي26: 13","مسفرة","مزينة - مزخرفة"
603,"اي27: 15","بالموتان","بالطاعون - بالوباء"
604,"اي27: 18","الناطور","الحارس"
605,"اي28: 1","يمحصونه","يخلصونه من الشوائب"
606,"اي28: 7","كاسر","طائر جارح مثل النسر"
607,"اي29: 18","السمندل","طائر يعيش فى الهند"
608,"اي30: 4","الملاح","نبات حمضى يجمعه الفقراء للأكل"
609,"اي30: 7","العوسج","نبات ذو أشواك ينبت عادة فى الاراضى الجافة"
610,"اي30: 12","الفروخ","الفرخ = الرجل الذليل الضعيف المطرود"
611,"اي30: 29","لرئال","الرأل = ولد النعامة"
612,"اي30: 30","حرش","خشن و مال الى السواد"
613,"اي32: 2","اليهو","اسم عبرى معناه هو الله"
614,"اي35: 16","فغر","فتح"
615,"اي36: 27","قطار","انسكاب المياه قطرة قطرة"
616,"اي37: 3","اكناف","اطراف"
617,"اي38: 16","مقصورة","اعماق المياه"
618,"اي38: 25","للهطل","المطر المتتابع"
619,"اي38: 30","تلكد","تماسك - تجمد"
620,"اي38: 40","تجرمز","تنقبض استعدادا للوثوب على الفريسة"
621,"اي38: 41","تنعب","تحرك رأسها فى صياح"
622,"اي39: 18","تحوذ","تستعد للجرى السريع"
623,"اي39: 25","يستروح","يشم من بعيد"
624,"اي39: 30","تحسو","تشرب"
625,"اي40: 15","بهيموث","فرس النهر"
626,"اي40: 21","السدرات","شجر ينبت على مجارى المياه"
627,"اي41: 1","لوياثان","ربما يقصد به التمساح و يظن البعض انه الحوت"
628,"اي41: 2","اسلة","شوكة"
629,"اي41: 7","بالال","بحراب الصيد"
630,"اي41: 23","مطاوي","ثنيات لحمه"
631,"اي42: 14","يميمة","اسم عبرى معناه يمامة"
632,"مز1: 1","طوبى","يالسعادة"
633,"مز1: 2","ناموس","كلمة يونانية تعنى قانون"
634,"مز6: 10","بغتة","فجأة فى لحظة"
635,"مز7: 14","يمخض","المخاض الام المراة الحامل التى تسبق الولادة"
636,"مز7: 15","كرا","حفر"
637,"مز12: 6","بوطة","فرن لصهر المعادن و تنقيتها"
638,"مز15: 3","يشي","يفترى على الاخرين و يشوه سمعتهم"
639,"مز17: 9","يكتنفونني","يحاصروننى - يحيطون بى من كل جهة"
640,"مز17: 12","القرم","المتلهف للأفتراس"
641,"مز18: 5","اشراك","فخاخ"
642,"مز19: 5","حجلته","حجلة = غرفة مزينة خاصة بالعروس أو العريس"
643,"مز22: 2","هدو","راحة"
644,"مز22: 12","باشان","اسم عبرى معناه ارض مستوية"
645,"مز23: 2","يربضني","يجعلنى استلقى - يجلسنى"
646,"مز27: 4","اتفرس","انظر بتدقيق"
647,"مز27: 12","مرام","رغبة - ارادة"
648,"مز29: 6","سريون","اصم صيدونى معناه درع"
649,"مز31: 6","يراعون","اللذين يتعبدون الى الاصنام الباطلة"
650,"مز31: 9","خسفت","تلفت"
651,"مز32: 6","غمارة","سيول - كناية عن التجارب"
652,"مز33: 7","امواه","مياه"
653,"مز35: 5","داحرهم","طاردهم"
654,"مز36: 12","دحروا","طرحوا ارضا"
655,"مز38: 5","قاحت","قاح = سال من الصديد"
656,"مز39: 11","العث","حشرة تبيض فى الجوخ"
657,"مز40: 4","الغطاريس","المتكبرين - المعجبين بأنفسهم"
658,"مز42: 6","مصعر","اسم عبرى معناه صغير و هو اسم جبل فى الجليل"
659,"مز42: 7","غمر","الجزء العميق من البحر"
660,"مز45: 4","الدعة","الوداعة"
661,"مز45: 8","مر","صمغ رائحته زكية"
662,"مز45: 9","اوفير","ارض تقع جنوب بلاد العرب"
663,"مز45: 12","صور","اسم سامى معناه صخر و هى مدينة فينيقية"
664,"مز48: 7","ترشيش","يعتقد ان ترشيش هى ترتيسوس و هى واقعة فى جنوب اسبانيا"
665,"مز49: 14","غداة","الصباح الباكر"
666,"مز51: 7","الزوفا","اسم نبات ذكر فى الكتاب المقدس"
667,"مز58: 4","حمة","السم"
668,"مز58: 7","فلتنب","اى لتبعد عن الهدف و لا تصبه"
669,"مز58: 8","الحلزون","حيوان رخو"
670,"مز68: 6","الرمضاء","الارض الجافة من شدة الحر"
671,"مز68: 27","جلهم","معظمهم - اكثرهم"
672,"مز68: 30","صوار","قطيع"
673,"مز68: 31","كوش","تدل فى كثير من الاحيان على بلاد الحبشة"
674,"مز69: 21","علقما","نبات شديد المرارة"
675,"مز73: 13","زكيت","طهرت"
676,"مز73: 18","البوار","الهلاك"
677,"مز76: 6","يسبخ","ينام نوم الموت"
678,"مز83: 7","عماليق","شعب من اقدم سكان سوريا"
679,"مز83: 9","مديان","اسم سامى معناه محكمة ابن ابراهيم من قطورة"
680,"مز83: 10","دمنا","زبلا - سماد"
681,"مز83: 13","الجل","القش الناعم"
682,"مز84: 3","السنونة","طائر صغير الحجم طويل الجناحين له صوت جميل"
683,"مز84: 6","مورة","المطر المبكر الذى ينهمر فى فصل الخريف"
684,"مز102: 3","وقيد","الحطب - اغصان يابسة توقد بها النار"
685,"مز104: 11","الفراء","الحمار الوحشي"
686,"مز105: 34","غوغاء","الجراد فى اخطر مراحله"
687,"مز106: 19","حوريب","سيناء"
688,"مز114: 8","غدران","جمع غدير = جدول مياه"
689,"مز120: 4","الرتم","شجر العرعر و هو شجر صنوبرى"
690,"مز135: 11","سيحون","اسم ملك من ملوك الاموريون"
691,"مز149: 8","بكبول","كبل = قيد"
692,"ام1: 4","تدبرا","تعقل"
693,"ام2: 18","الاخيلة","الموتى"
694,"ام3: 20","اللجج","المياه الكثيرة"
695,"ام5: 4","الافسنتين","نبات ورقه مر الطعم"
696,"ام6: 3","ترام","اتضع - تذلل"
697,"ام11: 22","فنطيسة","خطم - أنف"
698,"ام13: 3","يشحر","يتكلم بطياشة - بتهور"
699,"ام17: 7","السودد","الرفعة - المجد - الشرف"
700,"ام18: 24","الزق","الصق"
701,"ام19: 13","كالوكف","الوكف = تساقط المياه قطرة قطرة"
702,"ام20: 30","حبر","ضربات"
703,"ام21: 8","موزور","مرتكب الاثم"
704,"ام22: 29","الرعاع","الناس الضئيلى الشأن"
705,"ام23: 29","ازمهرار","احمرار فى العيون"
706,"ام25: 20","نطرون","نترات البوتاسيوم"
707,"ام27: 22","السميذ","الدقيق الابيض"
708,"ام29: 21","فنق","دلل - نعم"
709,"ام30: 1","مسا","اسم قبيلة كانت تقطن شمال جزيرة العرب"
710,"ام31: 1","لموئيل","اسم سامى معناه مكرس لله"
711,"ام31: 22","بوص","نسيج من كتان غالى الثمن"
712,"جا1: 4","دور","جيل"
713,"جا1: 16","ناجيت","تحدثت"
714,"جا11: 3","تريقه","تصبه"
715,"جا12: 3","الطواحن","الاسنان و الاضراس"
716,"جا12: 6","الجرة","القلب"
717,"جا12: 11","كالمناسيس","المنساة = عصا فى راسها حديدة تنخس بها البهائم"
718,"نش1: 3","مهراق","مصبوب - مسكوب"
719,"نش1: 6","ناطورة","حارسة"
720,"نش1: 10","بسموط","بخيوط ينتظم فيه الخرز و اللؤلؤ"
721,"نش1: 11","جمان","لؤلؤ"
722,"نش1: 17","سرو","شجر كبير يوجد بكثرة فى سوريا"
723,"نش2: 1","نرجس","نبات زهره ابيض و اصفر"
724,"نش2: 9","يوصوص","ينظر"
725,"نش2: 13","قعال","زهرة العنب"
726,"نش2: 14","محاجئ","ملاجيء"
727,"نش3: 6","اذرة","مسحوق عطرى"
728,"نش4: 8","خدور","المراد - عرين الاسد"
729,"نش4: 14","كركم","نبات الزعفران"
730,"نش5: 13","كخميلة","كحوض الزهور"
731,"نش7: 13","اللفاح","نبات رائحته طيبة و طعمه حلو"
732,"نش8: 6","لظى","نار شديدة"
733,"اش1: 1","اشعياء","اسم عبرى معناه خلاص يهوه"
734,"اش1: 5","سقيم","ضعيف"
735,"اش1: 8","مقثاة","القثاء = الخيار - العجور"
736,"اش1: 18","كالدودي","الدودى = صبغة حمراء تستخرج من ديدان صغيرة"
737,"اش1: 22","زغلا","شوائب"
738,"اش1: 23","لغفاء","شركاء اللصوص"
739,"اش1: 25","البورق","محلول قلوى يستعمل فى الغسل"
740,"اش1: 31","مشاقة","ما سقط من الشعر أو الكتان أو الحرير عند المشط"
741,"اش2: 4","سككا","محاريث"
742,"اش3: 1","الركن","عصا غليظة يستند اليها الانسان فى المشى"
743,"اش3: 20","حناجر","زجاجات العطر أو الطيب"
744,"اش3: 24","زنار","حزام من جلد يشد حول الوسط"
745,"اش5: 27","رازح","مرهق - متعب"
746,"اش7: 3","القصار","الشخص الذى يصبخ الثياب أو النسيج"
747,"اش8: 19","المشقشقين","يزقزقون كالعصافير"
748,"اش9: 14","الاسل","جمع أسلة = نبات تصنع منه السلال و الحصر"
749,"اش10: 4","يجثون","يركعون"
750,"اش10: 14","مصفصف","مزقزق - صوت الطيور"
751,"اش11: 8","الافعوان","ذكر الافعى - الحية الخبيثة السامة"
752,"اش14: 23","اجام","البرك - اماكن المياه"
753,"اش15: 6","الكلا","النجيل - العشب"
754,"اش18: 5","حصرما","الحصرم = عنب غير ناضج"
755,"اش19: 3","تهراق","تسكب - تسقط"
756,"اش19: 13","نوف","هى مدينة ممفيس المصرية القديمة"
757,"اش21: 10","دياستي","شعبى المداس - شعبى المطحون"
758,"اش22: 2","العجاجة","المشاغبة المضطربة"
759,"اش22: 12","التنطق","إرتداء"
760,"اش24: 18","ميازيب","شلالات"
761,"اش24: 20","كالعرزال","العرزال = حبل يربط فى أطراف النخل مثل الارجوحة يجلس عليه الحارس بعيدا عن الحيوانات المفترسة"
762,"اش25: 2","اعاجم","اغراب - اجانب"
763,"اش27: 9","كلس","جير"
764,"اش28: 11","لكناء","لسان غريب"
765,"اش28: 25","الشونيز","نبات ذو أزهار تشبه نبات الينسون -بذره يسمى حبة البركة"
766,"اش30: 4","حانيس","بلدة أهناسيا 100 كم جنوبى القاهرة"
767,"اش30: 22","فرصة","قطعة قماش"
768,"اش32: 4","العييين","العيى = المتلعثم - ثقيل اللسان"
769,"اش34: 4","السقاط","الثمر الذابل"
770,"اش34: 11","القوق","طائر مائى"
771,"اش34: 15","النكازة","نوع من الحيات الخبيثة"
772,"اش37: 25","خلجان","مجارى المياه"
773,"اش37: 38","نسروخ","احد الاله الاشوريـة"
774,"اش38: 17","وهدة","هوة فى الارض - حفرة"
775,"اش41: 19","الشربين","شجر ينتمى الى النوع الصنوبرى"
776,"اش41: 25","الملاط","المراد  الوحل"
777,"اش42: 14","انخر","الهث"
778,"اش44: 13","بالدوارة","بالفرجار - البرجل"
779,"اش44: 14","سنوبرا","شجر دائم الخضرة و خشبه شديد صلد"
780,"اش55: 13","القريس","نبات أوراقه مجهزة بأشواك سامة"
781,"اش64: 2","الهشيم","الاغصان المقطوعة"
782,"اش66: 20","هجن","جمال"
783,"ار1: 1","ارميا","اسم عبرى معناه الرب يؤسس"
784,"ار1: 17","فنطق","ضع حزام عريض حول وسطك"
785,"ار2: 16","تحفنيس","مدينة فى مصر"
786,"ار2: 22","نطرون","قلوى غير نقى يظهر على سطح بعض الاراضى"
787,"ار4: 30","بالاثمد","بالكحل"
788,"ار7: 29","مرثاة","قصيدة شعرية تعبر عن الحزن"
789,"ار10: 8","بلدوا","اصبح كل انسان فظا و وحشيا"
790,"ار11: 19","داجن","اليف"
791,"ار11: 21","عناثوث","مدينة فى نصيب بنيامين خصصت لللاويين"
792,"ار16: 16","جزافين","صيادين"
793,"ار19: 8","للدهش","للخراب"
794,"ار20: 10","ظلعي","عرجى"
795,"ار22: 14","بمغرة","مغرة = مادة حمراء تزين بها المساكن"
796,"ار22: 24","كنياهو","اسم عبرى اختصار يكنياهو و معناه يهوه يثبت"
797,"ار25: 9","صفيرا","فقرا"
798,"ار25: 10","الارحية","حجر الطاحونة - الرحاية"
799,"ار25: 26","شيشك","اسم عبرى معناه الانحدار و يشار به الى بابل"
800,"ار25: 38","عيصه","عيص = شجر كثيف"
801,"ار30: 13","رفادة","قطعة من القماش يعصب بها الجرح"
802,"ار30: 16","قاطبة","جميعا"
803,"ار31: 6","النواطير","الحراس"
804,"ار31: 21","صوى","حجارة تدل على الطريق"
805,"ار36: 22","الكانون","الموقد"
806,"ار38: 22","الحماة","الوحل المختلط بالقذارة"
807,"ار41: 17","جيروت","اسم عبرى معناه مرقب مكان تستريح فيه القوافل"
808,"ار42: 18","حلفا","لعنة"
809,"ار43: 9","الملبن","الفرن الذى يحرق فيه الطوب اللبن اى المصنوع من الطين"
810,"ار44: 1","مجدل","مدينة محصنة على حدود مصر الشمالية تجاه فلسطين"
811,"ار44: 30","حفرع","اسم مصرى ربما يعنى كاهن الشمس"
812,"ار46: 2","نخو","الملك الثانى من الاسرة السادسة و العشرين حكم مصر من سنة 609 - 594 ق. م"
813,"ار46: 6","ينوص","يهرب"
814,"ار46: 21","صيرة","مسمنة"
815,"ار47: 6","غمدك","الغمد = الجراب الذى يحفظ فيه السيف"
816,"ار48: 11","درديه","دردى = عكارة - رواسب"
817,"ار48: 18","الظماء","العطش - الجفاف - القحط"
818,"ار48: 32","يعزير","اسم عبرى معناه يعين و هى مدينة من جلعاد"
819,"ار48: 37","خموش","تقطعات"
820,"ار48: 45","هامة","اعلى  الرأس"
821,"ار50: 21","مراثايم","اسم عبرى معناه عصيان مزدوج و هو اسم مجازى لبابل"
822,"ار50: 39","رعال","بنات النعام"
823,"ار51: 40","اعتدة","عتود = تيس قوى"
824,"مرا1: 7","تطوحها","تيهانها فى البرية"
825,"مرا1: 20","يثكل","يهلك"
826,"مرا2: 13","اقايسك","اعادلك - اساويك"
827,"مرا2: 14","طوائح","نبوات كاذبة تسبب لهم الطرد من ارضهم"
828,"مرا2: 15","ينغضون","يهزون رؤسهم استهزاءا"
829,"مرا2: 18","حدقة","سواد العين"
830,"مرا4: 3","اطباءها","حلمات ثديها"
831,"مرا4: 7","جرزهم","قامتهم"
832,"حز1: 3","حزقيال","اسم عبرى معناه الله يقوى"
833,"حز1: 16","زبرجد","نوع من انواع الاحجار الكريمة"
834,"حز2: 6","سلاء","شوك النخل"
835,"حز3: 22","البقعة","الوادى"
836,"حز4: 9","كرسنة","نوع من الحبوب شبيه بالعدس"
837,"حز4: 12","الخرء","براز الانسان"
838,"حز4: 15","خثي","نفاية الحيوان"
839,"حز6: 4","شمساتكم","شمسات = تماثيل الشمس"
840,"حز6: 13","غبياء","خضراء"
841,"حز8: 11","يازنيا","اسم عبرى معناه الله يسمع"
842,"حز8: 14","تموز","اله البابليين كان زوجا لأخته الالهة عشتر"
843,"حز9: 4","سم","ضع علامة"
844,"حز11: 1","فلطيا","اسم عبرى معناه يهوه قد اعتق"
845,"حز12: 24","ملقة","تمتدح الناس بخلاف ما هم عليه"
846,"حز13: 10","بالطفال","بالطين"
847,"حز13: 18","اوصال","جمع وصل = معصم اليد"
848,"حز16: 7","نهد","تشكل - برز - نتأ"
849,"حز16: 10","بزا","نسيج من الكتان الغالى الثمن"
850,"حز16: 30","سليطة","سفيه - وقحة - طويلة اللسان"
851,"حز17: 3","القوادم","ريش طويل فى مقدمة جناح الطائر"
852,"حز17: 6","زراجينها","اغصانها"
853,"حز17: 7","خمائل","احواض الزهور"
854,"حز23: 3","ترائب","اعلى الصدر"
855,"حز23: 4","اهولة","اسم عبرى معناه خيمتها"
856,"حز23: 7","عقرها","اجرة زناها"
857,"حز23: 17","جفتهم","كرهتهم"
858,"حز23: 20","منيهم","السائل المنوى"
859,"حز23: 23","شهراء","مشهورين - ذائعين الصيت"
860,"حز23: 34","تجتثين","تقتلعين - تستأصلين"
861,"حز24: 6","زنجارها","الزنجار = صدأ النحاس"
862,"حز25: 13","ددان","مكان يقع فى جنوب الجزيرة العربية"
863,"حز27: 7","اليشة","كانت جزءا من جزيرة قبرص"
864,"حز27: 9","قلافوك","القلاف = الذى يسد شقوق السفينة"
865,"حز27: 16","البهرمان","حجر كريم لونه احمر"
866,"حز27: 17","منيت","موضع فى مملكة عمون وصلت اليه انتصارات يفتاح"
867,"حز27: 18","حلبون","مدينة فى سوريا مشهورة بخمورها"
868,"حز27: 19","سليخة","نوع من الطيب"
869,"حز27: 20","بطنافس","الطنافس = الحصير"
870,"حز27: 24","معكومة","مشدودة"
871,"حز30: 5","لود","شعب سكن فى منطقة ليديا فى غرب اسـيا"
872,"حز30: 15","سين","مدينة أون المصرية"
873,"حز30: 17","فيبستة","مدينة تل بسطا الان فى مصر"
874,"حز35: 7","الائب","الراجع"
875,"حز36: 3","تهمموكم","يريدون افتراسكم"
876,"حز39: 16","همونة","اسم عبرى معناه جمهور"
877,"حز40: 43","المازيب","صنانير لتعليق الذبيحة"
878,"دا1: 4","حاذقين","ماهرين"
879,"دا1: 6","دانيال","اسم عبرى معناه الله قضى"
880,"دا1: 7","بلطشاصر","اسم كلدانى معناه ليحفظ بيل حياته"
881,"دا2: 6","حلاوين","بقشيش - هدايا"
882,"دا3: 2","الفقهاء","علماء الدين"
883,"دا3: 5","القرن","البوق"
884,"دا3: 6","اتون","فرن مبنى من الحجارة"
885,"دا5: 6","خرز","فقرات العظام - مفاصل"
886,"دا6: 1","مرزبانا","المرزبان = الرئيس عند الفرس"
887,"دا6: 26","القيوم","القائم بذاته - الدائم القيام خلقه و حفظهم"
888,"دا9: 21","واغفا","مسرعا فى السير"
889,"دا10: 5","اوفاز","اسم مكان كان مصدرا للذهب"
890,"دا11: 43","اللوبيون","شعب ليبيا"
891,"دا11: 45","فسطاطه","خيامه الملكية"
892,"هو1: 1","هوشع","اسم عبرى معناه الخلاص أو الرب المعين"
893,"هو1: 3","جومر","اسم عبرى معناه الله يكمل"
894,"هو1: 4","يزرعيل","اسم عبرى معناه الله يزرع"
895,"هو1: 6","لورحامة","اسم عبرى معناه من لا رحمة لها"
896,"هو1: 9","لوعمي","اسم عبرى معناه ليس شعبي"
897,"هو2: 1","عمي","اسم عبرى معناه شعبى"
898,"هو2: 6","اسيج","اقيم سورا"
899,"هو3: 2","لثك","مكيال للمواد الجافة = 115 لتر تقريبا"
900,"هو5: 1","مصفاة","اسم عبرى معناه برج المراقبة"
901,"هو8: 5","زنخ","فسد"
902,"هو9: 6","موف","مدينة مصرية قديمة"
903,"هو10: 14","شلمان","اسم ملك من ملوك آشور"
904,"هو11: 8","كصبوييم","صبوييم = اسم عبرى معناه ظباء احدى مدن الدائرة احرقها الله مع بقية مدن الدائرة بنار من السماء"
905,"هو13: 12","مصرور","محفوظ فى صرة"
906,"هو14: 6","خراعيبه","أغصانه الصغيرة"
907,"يؤ1: 1","يوئيل","اسم عبرى معناه يهوه هو الله"
908,"يؤ1: 4","القمص","الجراد اول ما يخرج من البيضة"
909,"يؤ1: 17","الاهراء","مخازن الحبوب"
910,"يؤ2: 5","كصريف","الصريف= صوت الباب عند غلقه أو فتحه"
911,"يؤ2: 20","زهمته","رائحته النتنة"
912,"يؤ3: 6","الياوانيين","اليونانيون"
913,"عا1: 1","عاموس","اسم عبرى معناه حمل"
914,"عا1: 5","قير","اسم سامى معناه سور أو مدينة ذات سور كانت موطن الاراميين الاول و منها خرجوا الى الشام"
915,"عا3: 4","الوعر","الغاب"
916,"عا3: 12","كراعين","الكراع = الساق"
917,"عا4: 2","بشصوص","الشص= السنارة"
918,"عا4: 9","اليرقان","آفة تصيب الزرع"
919,"عا6: 1","نقباء","المشهورون - المعروفون"
920,"عا9: 5","تطمو","ترتفع - تعلو"
921,"عا9: 7","الكوشيين","شعب الحبشة"
922,"عو1: 1","عوبديا","اسم عبرى معناه عبد يهوه"
923,"عو1: 3","محاجئ","شقوق الصخر"
924,"عو1: 11","الاعاجم","الغرباء - الاجانب"
925,"عو1: 14","منفلتيه","الهاربين"
926,"عو1: 16","يجرعون","يبلعون"
927,"يون1: 1","يونان","الاسم العبرى يونه و معناه حمامة"
928,"يون1: 2","نينوى","عاصمة الامبراطورية الاشورية التى اذدهرت فى بعض القرون السابقة"
929,"يون1: 3","ترشيش","اسم فينيقى معناه معمع التكرير و يعتقد انها مدينة ترتيسوس الواقعة جنوب اسبانيا"
930,"يون1: 6","النوتية","جمع نوتى = ربان السفينة"
931,"مي1: 1","ميخا","اسم عبرى معناه من كيهوه"
932,"مي1: 3","شوامخ","الاماكن العالية"
933,"مي1: 6","مغارس","الاماكن التى تغرس بها الشجيرات"
934,"مي1: 11","شافير","مدينة تقع فى يهوذا"
935,"مي1: 12","ماروث","موضع فى يهوذا"
936,"مي1: 13","لاخيش","مدينة محصنة تقع فى سهول يهوذا"
937,"مي1: 15","عدلام","اسم عبرى معناه ملجأ احدى مدن يهوذا"
938,"مي4: 3","سككا","اسنان المحراث"
939,"مي4: 6","الظالعة","العرجاء"
940,"مي5: 1","تتجيشين","تحشدين جيوشك"
941,"نا1: 1","ناحوم","اسم عبرى معناه معز"
942,"نا2: 1","المقمعة","المطرقة"
943,"نا2: 3","قرمزيون","يرتدون ملابس حمراء كالقرمز"
944,"نا2: 7","هصب","احدى ملكات نينوى أو نعت للمدينة و رمز لها"
945,"نا2: 12","جرائه","صغار الاسد"
946,"نا3: 2","البكر","العجلات الحربية"
947,"نا3: 9","فوط","شعب فى شمال افريقيا يعتقد انه شعب ليبيا"
948,"نا3: 17","كحرجلة","حرجلة = سرب - حشد كثيف"
949,"حب1: 1","حبقوق","اسم عبرى معناه يعانق"
950,"حب1: 6","القاحمة","المهاجمة"
951,"حب2: 7","مقارضوك","الذين يأكلونك أو يمزقونك"
952,"حب2: 16","قياء","قيء"
953,"حب3: 1","الشجوية","قصيدة حزينة"
954,"حب3: 7","كوشان","اسم سامى معناه يختص بكوش و ربما يشير الى بلاد العرب حيث كان يسكن الكوشيون"
955,"صف1: 1","صفنيا","اسم عبري معناه يهوة يستر . نبى يعود نسبه الى حزقيا الملك"
956,"صف1: 3","المعاثر","الاوثان"
957,"صف1: 4","الكماريم","كهنة الاصنام"
958,"صف1: 11","مكتيش","اسم عبرى معناه ملاط و هو موضع فى أورشليم"
959,"صف2: 9","القريص","الشوك"
960,"حج1: 1","حجي","اسم عبرى معناه عيد اى المولود فى يوم العيد"
961,"حج2: 16","عرمة","كومة من الحصيد بعد درسها"
962,"زك1: 1","زكريا","اسم عبرى معناه يهوه قد زكر"
963,"زك1: 8","شهب","بياض يخالطه سواد"
964,"زك9: 6","زنيم","لئيم"
965,"زك9: 15","كالمنضح","المنضح= اناء مجوف يستخدم للرش"
966,"زك12: 3","مشوالا","حجر ثقيل تمتحن به قوة الرجل برفعه عن الارض"
967,"زك13: 9","امحصهم","انقيهم من الشوائب"
968,"زك14: 6","الدراري","المراد الكواكب العظام"
969,"ملا1: 1","ملاخي","اسم عبرى معناه رسولى او ملاكي"
970,"ملا1: 8","لواليك","الوالى = الحاكم"
971,"مت1: 16","مريم","اسم عبرى معناه عصيان"
972,"مت1: 21","يسوع","الصيغة العربية للأسم العبرى يشوع و معنى الاسم يهوه مخلص"
973,"مت2: 1","مجوس","كلمة فارسية تعنى كهنة كانوا علماء فى الفلسفة و الفلك"
974,"مت2: 4","كتبة","جمع كاتب = انسان عالم فى الناموس الموسوى و الأسفار المقدسة"
975,"مت2: 18","الرامة","قرية صغيرة مبنية على هضبة عالية تبعد 5 اميال شمال اورشليم"
976,"مت3: 1","يوحنا","صيغة عربية للأسم يوحنان و يعنى فى العبرية يهوه حنون"
977,"مت3: 7","الفريسيين","فئة دينية متشددة تدعوا الى الاعتزال اتصفوا بالكبرياء و الرياء"
978,"مت4: 18","سمعان","اسم عبرى معناه مستمع"
979,"مت4: 21","يعقوب","اسم عبرى معناه يعقب - يمسك الكعب - يحل محل"
980,"مت4: 24","السقماء","المرضى"
981,"مت5: 22","رقا","فارغ - باطل"
982,"مت5: 26","الفلس","قطعة نقدية قليلة القيمة"
983,"مت5: 33","تحنث","لم تفى بالنذور او القسم"
984,"مت6: 1","احترزوا","انتبهوا"
985,"مت6: 11","كفافنا","الكفاف = الحد الادنى لسداد لحاجة"
986,"مت6: 28","زنابق","الزنبق = ريحان له زهر طيب الرائحة"
987,"مت7: 3","القذى","قشة صغيرة جدا"
988,"مت8: 20","اوجرة","جحور الثعالب"
989,"مت8: 32","الجرف","الجانب الذى اكله الماء من حافة النهر"
990,"مت9: 9","متى","من الاسم العبرى مثتيا الذى معناه عطية يهوة"
991,"مت10: 3","فيلبس","اسم يونانى معناه محب للخيل"
992,"مت10: 4","يهوذا","اسم عبرى معناه حمد"
993,"مت12: 20","مرضوضة","مسحوقة"
994,"مت13: 25","زوانا","الزوان = عشب سام يتعذر التفريق بينه و بين الحنطة فى البداية و لكن الفرق يظهر عند النضج و الاثمار"
995,"مت13: 31","خردل","نبات بزاره صغير الحجم"
996,"مت14: 35","كورة","البلاد المجاورة"
997,"مت17: 27","استارا","قطعة نقدية من الفضة ربما تساوى 4 دراهم او اكثر"
998,"مت21: 9","اوصنا","خلصنا"
999,"مت24: 43","هزيع","قسم من أقسام الليل"
1000,"مت26: 36","ضيعة","حديقة - بستان"
1001,"مت26: 71","الدهليز","ممر طويل ضيق بين الباب و الدار"
1002,"مر1: 1","انجيل","الاخبار السارة"
1003,"مر1: 2","ملاكي","رسولى"
1004,"مر2: 12","بهت","اندهش - ذهل"
1005,"مر4: 37","نوء","عاصفة"
1006,"مر5: 9","لجئون","اسم لاتينى لفرقة من الجيش الرومانى مؤلفة من 6000 الى 7000 جندى و تشير هنا الى غدد كثير من الارواح النجسة"
1007,"مر8: 3","يخورون","يصابون بالدوار"
1008,"مر8: 10","دلمانوثة","مكان يرجح أنه كان يقع على الشاطئ الغربى من بحر الجليل"
1009,"مر9: 18","فيزبد","يخرج من فمه رغوة بيضاء"
1010,"مر12: 4","شجوه","جعلوا رأسه تدمى"
1011,"مر12: 38","بالطيالسة","الطيلسان = رداء يشبه الجبة"
1012,"مر14: 3","ناردين","نوع من لطيب يسمى ايضا النرد"
1013,"مر14: 51","ازارا","رداءا"
1014,"مر15: 17","ارجوانا","ثوب لونه احمر"
1015,"مر15: 43","مشير","المشير عند اليهود هو احد اعضاء مجلس السنهدريم اعلى مجلس دينى عند اليهود"
1016,"لو1: 3","ثاوفيلس","اسم يونانى معناه محبوب من الله"
1017,"لو1: 41","ارتكض","تحرك"
1018,"لو2: 7","المذود","الصندوق الذى يوضع فيه علف البهائم"
1019,"لو2: 36","حنة","اسم عبرى معناه حنان - حنون - نعمة"
1020,"لو3: 1","طيباريوس","هو الامبراطور الرومانى الثانى فى ايامه صلب السيد المسيح"
1021,"لو5: 19","الاجر","الطوب الاحمر"
1022,"لو5: 27","لاوي","اسم عبرى معناه مقترن"
1023,"لو6: 7","شكاية","اتهام"
1024,"لو6: 38","ملبدا","مضغوطا"
1025,"لو7: 21","ادواء","جمع داء = مرض مزمن"
1026,"لو12: 10","جدف","شتم - سب"
1027,"لو12: 28","التنور","الفرن"
1028,"لو12: 42","العلوفة","الطعام"
1029,"لو12: 50","صبغة","معمودية"
1030,"لو16: 6","صكك","الصك = السند - الكمبيالة"
1031,"لو16: 20","لعازر","اسم عبرى معناه من يعينه يهوه"
1032,"لو18: 10","عشار","يحصل الضرائب من الشعب لحساب الرومان"
1033,"لو19: 13","امناء","المنا = 100 دينار"
1034,"لو23: 23","يلجون","يطلبون بألحاح"
1035,"لو23: 56","حنوطا","الحنوط = مجموعة من العطور و الأعشاب العطرية يدهن بها جسد الميت"
1036,"لو24: 11","كالهذيان","الهذيان = التكلم بكلام غير معقول"
1037,"يو1: 45","نثنائيل","مشتق من الاسم العبرى نثنئيل و معناه قد اعطى الله"
1038,"يو2: 6","اجران","الجرن = حجر منقور يوضع فيه الماء لأجل التطهيرات اليهودية"
1039,"يو5: 3","عسم","مشلولين"
1040,"يو7: 32","يتناجون","يتذمرون"
1041,"يو8: 28","رفعتم","صلبتم"
1042,"يو8: 46","يبكتني","يوبخني - يعنفني"
1043,"يو14: 5","توما","اسم ارامى معناه توأم"
1044,"يو21: 5","اداما","طعاما"
1045,"اع2: 10","دخلاء","الوثنيون الذين اعتنقوا الديانة اليهودية"
1046,"اع3: 8","يطفر","يقفز"
1047,"اع4: 13","عاميان","جاهلان"
1048,"اع5: 1","حنانيا","اسم عبرى معناه يهوه قد انعم"
1049,"اع5: 34","غمالائيل","اسم عبرى معناه مكافاة الله"
1050,"اع6: 5","استفانوس","اسم عبرى معناه تاج او اكليل من الزهور"
1051,"اع6: 9","الليبرتينيين","فئة من اليهود كان لهم مجمع خاص بهم فى أورشليم"
1052,"اع7: 8","الختان","هو عملية الطهارة عند الذكور"
1053,"اع7: 54","حنقوا","اغتاظوا بشدة"
1054,"اع9: 1","ينفث","ينفخ - يزفر"
1055,"اع10: 1","كرنيليوس","اسم لاتينى معناه مثل القرن متين"
1056,"اع10: 10","غيبة","نشوة روحية - خروج العقل عن حالته الطبيعية"
1057,"اع11: 28","اغابوس","ربما هذا الاسم مأخوذ من الكلمة اليونانية اغابى = محبة"
1058,"اع12: 13","رودا","اسم يونانى معناه شجرة ورد"
1059,"اع13: 1","برنابا","اسم ارامى معناه ابن الوعظ"
1060,"اع13: 7","بولس","اسم لاتينى معناه الصغير"
1061,"اع14: 12","هرمس","واحد من كبار اله اليونان"
1062,"اع16: 24","المقطرة","خشبة فيها فتحات تقيد فيها ارجل المساجين"
1063,"اع17: 18","الابيكوريين","اتباع ابيكورس الفيلسوف اليونانى"
1064,"اع17: 34","ديونيسيوس","اسم يونانى معناه من يخص الاله ديونيسوس"
1065,"اع18: 2","اكيلا","اسم لاتينى معناه نسر"
1066,"اع18: 7","يوستس","اسم لاتينى معناه عادل"
1067,"اع18: 8","كريسبس","اسم لاتينى معناه مجعد الشعر"
1068,"اع18: 24","ابلوس","اسم يونانى اختصار ابولونيوس"
1069,"اع19: 13","الطوافين","المتجولين"
1070,"اع19: 24","ارطاميس","الهة القمر عند اليونان"
1071,"اع19: 29","ارسترخس","اسم يونانى معناه خير حاكم"
1072,"اع20: 4","سوباترس","اسم يونانى معناه صالح الابوين"
1073,"اع20: 9","افتيخوس","اسم يونانى معناه السعيد الطالع"
1074,"اع20: 17","قسوس","كلمة سريانية معناها شيوخ"
1075,"اع20: 35","تعضدون","تعاونون - تساعدون"
1076,"اع22: 2","احرى","اجدر - افضل"
1077,"رو1: 14","البرابرة","البربرى = كانت تطلق على كل فرد من امم الارض فيما عدا اليونانى و الرومانى"
1078,"رو1: 16","استحي","اخجل"
1079,"رو1: 20","السرمدية","السرمدى = الازلى - الابدى"
1080,"رو1: 30","ثالبين","عائبين و شاتمين"
1081,"رو13: 13","البطر","الاذدراء بالنعمة و التكبر على الحق"
1082,"رو14: 2","بقولا","النباتات التى يتغذى عليها الانسان و الحيوان"
1083,"رو16: 15","نيريوس","اسم يونانى لأله البحر"
1084,"رو16: 21","تيموثاوس","اسم يونانى معناه عابد الله"
1085,"رو16: 18","السلماء","سليم النية - طيب القلب"
1086,"رو16: 23","كوارتس","اسم لاتينى معناه الرابع"
1087,"1كو6: 9","مابونون","شواذ جنسيا"
1088,"1كو7: 9","التحرق","شديد الشهوة"
1089,"1كو7: 22","عتيق","حر - من تحرر من العبودية"
1090,"1كو7: 40","غبطة","سعادة"
1091,"1كو9: 24","الجعالة","الجائزة الاكليل"
1092,"1كو9: 27","اقمع","اقهر"
1093,"1كو11: 4","يشين","يعيب"
1094,"2كو1: 24","موازرون","معاونون"
1095,"2كو6: 15","بليعال","اسم عبرى معناه عديم الفائدة - شرير"
1096,"2كو9: 4","جسارة","جرأة - إقدام"
1097,"2كو9: 6","الشح","البخل"
1098,"2كو11: 33","زنبيل","قفة - سلة كبيرة"
1099,"2كو12: 21","العهارة","الفجور"
1100,"2كو13: 10","جزما","صرامة - قسوة"
1101,"غلا1: 8","اناثيما","محروما - ملعونا"
1102,"غلا1: 14","اترابي","المساوين لى فى العمر"
1103,"غلا2: 5","نذعن","نتنازل - نستسلم"
1104,"غلا3: 1","رقاكم","سحركم - اغواكم"
1105,"غلا5: 20","شقاق","مخاصمة"
1106,"اف2: 15","الاثنين","اليهود و الامم"
1107,"اف3: 9","المكتوم","الغير معلن"
1108,"اف5: 27","غضن","تجعد - كرمشة"
1109,"اف6: 21","تيخيكس","اسم يونانى معناه محصن"
1110,"في1: 7","وثقي","قيودى"
1111,"في2: 6","خلسة","السرقة بخفة و خفية"
1112,"في2: 14","دمدمة","تذمر"
1113,"في2: 30","يجبر","يسد نقص - يعوض عن"
1114,"في3: 2","الكلاب","المعلمين الكذبة"
1115,"في4: 2","افودية","كلمة يونانية معناها رحلة موفقة"
1116,"كو2: 16","هلال","اول ايام القمر"
1117,"كو2: 23","نافلة","عبادة او فرض لم يأمر به الله"
1118,"كو3: 11","سكيثي","قبائل متجولة من شمال البحر الاسود و بحر قزوين"
1119,"كو3: 25","محاباة","مفاضلة - تفضيل شخص على اخر بغي عدل"
1120,"كو4: 6","ملح","المراد هنا القداسة"
1121,"كو4: 10","مرقس","اسم لاتينى معناه مطرقة"
1122,"كو4: 11","يسطس","اسم لاتينى معناه عادل"
1123,"1تس4: 8","يرذل","يحتقر - يرفض"
1124,"1تس5: 27","اناشدكم","اطلب بألحاح"
1125,"2تس1: 5","بينة","علامة - دليل"
1126,"2تس3: 14","سموا","السمة = العلامة"
1127,"1تي1: 4","خرافات","قصص غير حقيقية نابعة من ذهن الانسان الفاسد"
1128,"1تي1: 8","ناموسيا","المراد هنا يحفظه تماما"
1129,"1تي1: 20","هيمينايس","اسم يونانى نسبة الى اله الزواج عند الاغريق"
1130,"1تي3: 6","يتصلف","يتكبر"
1131,"1تي4: 7","روض","ذلل و طوع بالتدريب"
1132,"1تي5: 13","بطالات","عاطلات عن العمل"
1133,"1تي6: 4","مماحكات","معارك كلامية"
1134,"1تي6: 9","العطب","الهلاك"
1135,"2تي1: 5","لوئيس","اسم يونانى ربما كان معناه افضل"
1136,"2تي1: 6","تضرم","تلتهب"
1137,"2تي3: 4","مقتحمين","متهورين - طائشين"
1138,"2تي3: 6","يسبون","يستحوذون على - يأسرون افكار و عواطف النساء"
1139,"2تي4: 3","مستحكة","متقسية من كثرة الحك"
1140,"2تي4: 13","الرقوق","جلد رقيق كان يكتب عليه"
1141,"تي3: 3","ممقوتين","المقت = البغضة الشديدة"
1142,"تي3: 10","المبتدع","البدعة = الهرطقة - المبتدع الشخص الذى يعلم بخلاف ما هو موحى به من الله"
1143,"فيل1: 1","فليمون","اسم يونانى معناه محب"
1144,"فيل1: 10","ولدته","المراد الولادة فى الايمان"
